Cutoff,Period,Basis,CurrentCash,OriginalCash,CashDifference,Revenue,NetIncome,CloseState,CalculationState,ReceiptReview,LaterReview,SourceState,Authority,ReceiptSHA256
2026-10-31,2026-10,EVIDENCED_ACTUAL,22000.00,24000.00,-2000.00,4000.00,1500.00,REVIEW,RECONCILED,UNREVIEWED,request_changes,provisional,none,05b43c0213ece05d4ea4b926de88a3481dd5eecf9e28d35543e2135d428bbfce
2026-10-31,2026-11,REFORECAST_CHANGE,25500.00,24000.00,1500.00,0.00,0.00,REVIEW,RECONCILED,UNREVIEWED,request_changes,provisional,none,05b43c0213ece05d4ea4b926de88a3481dd5eecf9e28d35543e2135d428bbfce
2026-10-31,2026-12,REFORECAST_CHANGE,25500.00,24000.00,1500.00,0.00,0.00,REVIEW,RECONCILED,UNREVIEWED,request_changes,provisional,none,05b43c0213ece05d4ea4b926de88a3481dd5eecf9e28d35543e2135d428bbfce
2026-11-30,2026-10,EVIDENCED_ACTUAL,22000.00,24000.00,-2000.00,4000.00,1500.00,REVIEW,RECONCILED,UNREVIEWED,request_changes,provisional,none,d94dc60b7017024b086d84411d49c473c6265c4692f7e9405c6f0a56cb2a9454
2026-11-30,2026-11,EVIDENCED_ACTUAL,24500.00,24000.00,500.00,4000.00,2000.00,REVIEW,RECONCILED,UNREVIEWED,request_changes,provisional,none,d94dc60b7017024b086d84411d49c473c6265c4692f7e9405c6f0a56cb2a9454
2026-11-30,2026-12,REFORECAST_CHANGE,27500.00,24000.00,3500.00,0.00,0.00,REVIEW,RECONCILED,UNREVIEWED,request_changes,provisional,none,d94dc60b7017024b086d84411d49c473c6265c4692f7e9405c6f0a56cb2a9454
2026-12-31,2026-10,EVIDENCED_ACTUAL,22000.00,24000.00,-2000.00,4000.00,1500.00,REVIEW,RECONCILED,UNREVIEWED,request_changes,provisional,none,57934463acea6c66091dd7d0ffa5ce9c18d79e034638b082d6cf16eb605ee6a7
2026-12-31,2026-11,EVIDENCED_ACTUAL,24500.00,24000.00,500.00,4000.00,2000.00,REVIEW,RECONCILED,UNREVIEWED,request_changes,provisional,none,57934463acea6c66091dd7d0ffa5ce9c18d79e034638b082d6cf16eb605ee6a7
2026-12-31,2026-12,EVIDENCED_ACTUAL,29500.00,24000.00,5500.00,0.00,0.00,REVIEW,RECONCILED,UNREVIEWED,request_changes,provisional,none,57934463acea6c66091dd7d0ffa5ce9c18d79e034638b082d6cf16eb605ee6a7
